{"minzoom":0,"maxzoom":9,"center":[105.820313,20.961079,9.0],"bounds":[102.142083,6.953306,116.947321,23.393903]}