{"minzoom":0,"maxzoom":8,"center":[106.171875,21.287915,8.0],"bounds":[102.142083,6.953306,116.947321,23.393903]}